what,kind,bundleId,bundleVersion,description,time
activated,view,org.eclipse.ui.navigator.resources,3.4.300.v20110928-1505,"org.eclipse.ui.navigator.ProjectExplorer",1459641930905
deactivated,workbench,org.eclipse.ui.workbench,3.7.1.v20120104-1859,"",1459641946451
activated,workbench,org.eclipse.ui.workbench,3.7.1.v20120104-1859,"",1459641946590
deactivated,workbench,org.eclipse.ui.workbench,3.7.1.v20120104-1859,"",1459641948630
executed,command,,,"com.altera.sbtgui.launch.hardware.Nios2HardwareLaunchShortcut.run",1459641949212
activated,workbench,org.eclipse.ui.workbench,3.7.1.v20120104-1859,"",1459641949218
deactivated,workbench,org.eclipse.ui.workbench,3.7.1.v20120104-1859,"",1459641949296
activated,workbench,org.eclipse.ui.workbench,3.7.1.v20120104-1859,"",1459641950616
activated,view,com.altera.sbtgui.launch,12.1.1.243,"com.altera.sbtgui.launch.hardware.ByteStreamConsoleView",1459641952026
activated,view,org.eclipse.ui.console,3.5.100.v20111007_r372,"org.eclipse.ui.console.ConsoleView",1459641952544
activated,view,com.altera.sbtgui.launch,12.1.1.243,"com.altera.sbtgui.launch.hardware.ByteStreamConsoleView",1459641955668
deactivated,workbench,org.eclipse.ui.workbench,3.7.1.v20120104-1859,"",1459641967009
started,bundle,org.eclipse.cdt.mylyn.ui,3.6.0.v20110608-1400,"org.eclipse.cdt.mylyn.ui",1459641968248
closed,workbench,org.eclipse.ui.workbench,3.7.1.v20120104-1859,"",1459641968341
stopped,bundle,org.eclipse.cdt.build.crossgcc,1.0.2.201202111925,"org.eclipse.cdt.build.crossgcc",1459641968747
stopped,bundle,org.eclipse.cdt.codan.checkers.ui,1.0.0.201202111925,"org.eclipse.cdt.codan.checkers.ui",1459641968747
stopped,bundle,com.altera.debug.cdi.gdb.plugin,12.1.1.243,"com.altera.debug.cdi.gdb.plugin",1459641968752
stopped,bundle,com.altera.sbtgui.launch,12.1.1.243,"com.altera.sbtgui.launch",1459641969730
stopped,bundle,com.altera.sbtgui.ui,12.1.1.243,"com.altera.sbtgui.ui",1459641969746
stopped,bundle,com.altera.sbtgui.project,12.1.1.243,"com.altera.sbtgui.project",1459641969746
stopped,bundle,org.eclipse.cdt.codan.checkers,1.0.1.201202111925,"org.eclipse.cdt.codan.checkers",1459641969746
stopped,bundle,org.eclipse.cdt.codan.ui.cxx,2.0.0.201202111925,"org.eclipse.cdt.codan.ui.cxx",1459641969746
stopped,bundle,org.eclipse.cdt.codan.core.cxx,1.0.0.201202111925,"org.eclipse.cdt.codan.core.cxx",1459641969746
stopped,bundle,org.eclipse.cdt.launch.remote,2.3.0.201202111925,"org.eclipse.cdt.launch.remote",1459641969757
stopped,bundle,org.eclipse.cdt.debug.mi.ui,6.1.1.201202111925,"org.eclipse.cdt.debug.mi.ui",1459641969757
stopped,bundle,org.eclipse.cdt.debug.mi.core,7.1.1.201202111925,"org.eclipse.cdt.debug.mi.core",1459641969757
stopped,bundle,org.eclipse.cdt.debug.ui.memory.memorybrowser,1.2.100.201202111925,"org.eclipse.cdt.debug.ui.memory.memorybrowser",1459641969758
stopped,bundle,org.eclipse.cdt.debug.ui.memory.search,1.2.1.201202111925,"org.eclipse.cdt.debug.ui.memory.search",1459641969759
stopped,bundle,org.eclipse.cdt.dsf.gdb.ui,2.2.1.201202111925,"org.eclipse.cdt.dsf.gdb.ui",1459641969759
stopped,bundle,org.eclipse.cdt.dsf.ui,2.2.1.201202111925,"org.eclipse.cdt.dsf.ui",1459641969772
stopped,bundle,org.eclipse.cdt.gdb.ui,7.0.0.201202111925,"org.eclipse.cdt.gdb.ui",1459641969792
stopped,bundle,org.eclipse.cdt.dsf.gdb,4.0.2.201202111925,"org.eclipse.cdt.dsf.gdb",1459641969792
stopped,bundle,org.eclipse.cdt.launch,7.0.0.201202111925,"org.eclipse.cdt.launch",1459641969792
stopped,bundle,org.eclipse.cdt.debug.ui,7.1.2.201202111925,"org.eclipse.cdt.debug.ui",1459641969792
stopped,bundle,org.eclipse.cdt.debug.ui.memory.traditional,1.2.1.201202111925,"org.eclipse.cdt.debug.ui.memory.traditional",1459641969794
stopped,bundle,org.eclipse.cdt.dsf,2.2.0.201202111925,"org.eclipse.cdt.dsf",1459641969794
stopped,bundle,org.eclipse.cdt.debug.core,7.1.0.201202111925,"org.eclipse.cdt.debug.core",1459641969794
stopped,bundle,org.eclipse.linuxtools.cdt.autotools.ui,1.0.1.201202152032,"org.eclipse.linuxtools.cdt.autotools.ui",1459641969802
stopped,bundle,org.eclipse.linuxtools.cdt.autotools.core,1.0.2.201202152032,"org.eclipse.linuxtools.cdt.autotools.core",1459641969803
stopped,bundle,org.eclipse.cdt.managedbuilder.ui,8.0.2.201202111925,"org.eclipse.cdt.managedbuilder.ui",1459641969812
stopped,bundle,org.eclipse.cdt.make.ui,7.1.2.201202111925,"org.eclipse.cdt.make.ui",1459641969812
stopped,bundle,org.eclipse.cdt.managedbuilder.gnu.ui,8.0.2.201202111925,"org.eclipse.cdt.managedbuilder.gnu.ui",1459641969814
stopped,bundle,org.eclipse.cdt.msw.build,1.0.0.201202111925,"org.eclipse.cdt.msw.build",1459641969814
stopped,bundle,org.eclipse.cdt.managedbuilder.core,8.0.2.201202111925,"org.eclipse.cdt.managedbuilder.core",1459641969814
stopped,bundle,org.eclipse.cdt.make.core,7.1.2.201202111925,"org.eclipse.cdt.make.core",1459641969814
stopped,bundle,org.eclipse.cdt.mylyn.ui,3.6.0.v20110608-1400,"org.eclipse.cdt.mylyn.ui",1459641969814
stopped,bundle,org.eclipse.cdt.codan.ui,2.0.1.201202111925,"org.eclipse.cdt.codan.ui",1459641969814
stopped,bundle,com.altera.sbtgui.flash.plugin,12.1.1.243,"com.altera.sbtgui.flash.plugin",1459641969818
stopped,bundle,com.altera.sbtgui.gprof,12.1.1.243,"com.altera.sbtgui.gprof",1459641969819
stopped,bundle,com.altera.sbtgui.core,12.1.1.243,"com.altera.sbtgui.core",1459641969819
stopped,bundle,org.eclipse.cdt.ui,5.3.2.201202111925,"org.eclipse.cdt.ui",1459641969819
stopped,bundle,org.eclipse.cdt.core,5.3.2.201202111925,"org.eclipse.cdt.core",1459641969819
stopped,bundle,org.eclipse.egit.ui,1.3.0.201202151440-r,"org.eclipse.egit.ui",1459641969819
stopped,bundle,org.eclipse.egit.core,1.3.0.201202151440-r,"org.eclipse.egit.core",1459641969819
stopped,bundle,org.eclipse.equinox.p2.ui.sdk,1.0.200.v20110815-1419,"org.eclipse.equinox.p2.ui.sdk",1459641969823
stopped,bundle,org.eclipse.rse.importexport,1.2.200.v201105021534,"org.eclipse.rse.importexport",1459641969834
stopped,bundle,org.eclipse.rse.subsystems.shells.telnet,1.2.200.v201101042155,"org.eclipse.rse.subsystems.shells.telnet",1459641969840
stopped,bundle,org.eclipse.rse.shells.ui,3.0.301.R33x_v201107181530,"org.eclipse.rse.shells.ui",1459641969848
stopped,bundle,org.eclipse.rse.files.ui,3.2.1.R33x_v201109141647,"org.eclipse.rse.files.ui",1459641969849
stopped,bundle,org.eclipse.rse.processes.ui,3.0.300.v201101042155,"org.eclipse.rse.processes.ui",1459641969853
stopped,bundle,org.eclipse.search,3.7.0.v20110928-1504,"org.eclipse.search",1459641969917
stopped,bundle,org.eclipse.mylyn.commons.team,0.8.0.v20110608-1400,"org.eclipse.mylyn.commons.team",1459641969918
stopped,bundle,org.eclipse.mylyn.team.ui,3.6.1.v20110825-0100,"org.eclipse.mylyn.team.ui",1459641969918
stopped,bundle,org.eclipse.ui.navigator.resources,3.4.300.v20110928-1505,"org.eclipse.ui.navigator.resources",1459641969918
stopped,bundle,org.eclipse.ltk.ui.refactoring,3.6.0.v20110928-1453,"org.eclipse.ltk.ui.refactoring",1459641969918
stopped,bundle,org.eclipse.mylyn.bugzilla.ui,3.6.0.v20110608-1400,"org.eclipse.mylyn.bugzilla.ui",1459641969918
stopped,bundle,org.eclipse.mylyn.ide.ui,3.6.0.v20110608-1400,"org.eclipse.mylyn.ide.ui",1459641969919
stopped,bundle,org.eclipse.mylyn.resources.ui,3.6.0.v20110608-1400,"org.eclipse.mylyn.resources.ui",1459641969920
stopped,bundle,org.eclipse.mylyn.wikitext.tasks.ui,1.5.0.v20110608-1400,"org.eclipse.mylyn.wikitext.tasks.ui",1459641969932
stopped,bundle,org.eclipse.mylyn.context.ui,3.6.1.v20120112-0100,"org.eclipse.mylyn.context.ui",1459641969932
activated,perspective,com.altera.sbtgui.ui,,"com.altera.sbtgui.ui.cPerspective",1459641999353
started,bundle,org.eclipse.osgi,3.7.2.v20120110-1415,"org.eclipse.osgi",1459641999354
started,bundle,org.eclipse.equinox.simpleconfigurator,1.0.200.v20110815-1438,"org.eclipse.equinox.simpleconfigurator",1459641999355
started,bundle,com.ibm.icu,4.4.2.v20110823,"com.ibm.icu",1459641999355
started,bundle,org.eclipse.cdt.codan.checkers,1.0.1.201202111925,"org.eclipse.cdt.codan.checkers",1459641999356
started,bundle,org.eclipse.cdt.codan.core,2.0.0.201202111925,"org.eclipse.cdt.codan.core",1459641999357
started,bundle,org.eclipse.cdt.codan.core.cxx,1.0.0.201202111925,"org.eclipse.cdt.codan.core.cxx",1459641999358
started,bundle,org.eclipse.cdt.codan.ui,2.0.1.201202111925,"org.eclipse.cdt.codan.ui",1459641999359
started,bundle,org.eclipse.cdt.codan.ui.cxx,2.0.0.201202111925,"org.eclipse.cdt.codan.ui.cxx",1459641999360
started,bundle,org.eclipse.cdt.core,5.3.2.201202111925,"org.eclipse.cdt.core",1459641999360
started,bundle,org.eclipse.cdt.make.core,7.1.2.201202111925,"org.eclipse.cdt.make.core",1459641999361
started,bundle,org.eclipse.cdt.make.ui,7.1.2.201202111925,"org.eclipse.cdt.make.ui",1459641999362
started,bundle,org.eclipse.cdt.managedbuilder.core,8.0.2.201202111925,"org.eclipse.cdt.managedbuilder.core",1459641999363
started,bundle,org.eclipse.cdt.msw.build,1.0.0.201202111925,"org.eclipse.cdt.msw.build",1459641999364
started,bundle,org.eclipse.cdt.ui,5.3.2.201202111925,"org.eclipse.cdt.ui",1459641999364
started,bundle,org.eclipse.compare.core,3.5.200.I20110208-0800,"org.eclipse.compare.core",1459641999365
started,bundle,org.eclipse.core.contenttype,3.4.100.v20110423-0524,"org.eclipse.core.contenttype",1459641999365
started,bundle,org.eclipse.core.databinding.observable,1.4.0.I20110222-0800,"org.eclipse.core.databinding.observable",1459641999366
started,bundle,org.eclipse.core.expressions,3.4.300.v20110228,"org.eclipse.core.expressions",1459641999367
started,bundle,org.eclipse.core.filebuffers,3.5.200.v20110928-1504,"org.eclipse.core.filebuffers",1459641999368
started,bundle,org.eclipse.core.filesystem,1.3.100.v20110423-0524,"org.eclipse.core.filesystem",1459641999369
started,bundle,org.eclipse.core.jobs,3.5.101.v20120113-1953,"org.eclipse.core.jobs",1459641999369
started,bundle,org.eclipse.core.net,1.2.100.I20110511-0800,"org.eclipse.core.net",1459641999370
started,bundle,org.eclipse.core.resources,3.7.101.v20120125-1505,"org.eclipse.core.resources",1459641999370
started,bundle,org.eclipse.core.runtime,3.7.0.v20110110,"org.eclipse.core.runtime",1459641999370
started,bundle,org.eclipse.core.runtime.compatibility,3.2.100.v20100505,"org.eclipse.core.runtime.compatibility",1459641999371
started,bundle,org.eclipse.core.runtime.compatibility.auth,3.2.200.v20110110,"org.eclipse.core.runtime.compatibility.auth",1459641999371
started,bundle,org.eclipse.core.variables,3.2.500.v20110928-1503,"org.eclipse.core.variables",1459641999371
started,bundle,org.eclipse.debug.core,3.7.1.v20111129-2031,"org.eclipse.debug.core",1459641999372
started,bundle,org.eclipse.egit.core,1.3.0.201202151440-r,"org.eclipse.egit.core",1459641999372
started,bundle,org.eclipse.egit.ui,1.3.0.201202151440-r,"org.eclipse.egit.ui",1459641999373
started,bundle,org.eclipse.epp.mpc.ui,1.1.1.I20110907-0947,"org.eclipse.epp.mpc.ui",1459641999374
started,bundle,org.eclipse.epp.usagedata.gathering,1.3.1.R201106061540,"org.eclipse.epp.usagedata.gathering",1459641999374
started,bundle,org.eclipse.epp.usagedata.recording,1.3.1.R201106061540,"org.eclipse.epp.usagedata.recording",1459641999374
started,bundle,org.eclipse.equinox.app,1.3.100.v20110321,"org.eclipse.equinox.app",1459641999374
started,bundle,org.eclipse.equinox.common,3.6.0.v20110523,"org.eclipse.equinox.common",1459641999375
started,bundle,org.eclipse.equinox.ds,1.3.1.R37x_v20110701,"org.eclipse.equinox.ds",1459641999375
started,bundle,org.eclipse.equinox.event,1.2.100.v20110502,"org.eclipse.equinox.event",1459641999376
started,bundle,org.eclipse.equinox.p2.core,2.1.1.v20120113-1346,"org.eclipse.equinox.p2.core",1459641999376
started,bundle,org.eclipse.equinox.p2.directorywatcher,1.0.300.v20110815-1419,"org.eclipse.equinox.p2.directorywatcher",1459641999376
started,bundle,org.eclipse.equinox.p2.engine,2.1.1.R37x_v20111003,"org.eclipse.equinox.p2.engine",1459641999377
started,bundle,org.eclipse.equinox.p2.metadata,2.1.0.v20110815-1419,"org.eclipse.equinox.p2.metadata",1459641999377
started,bundle,org.eclipse.equinox.p2.metadata.repository,1.2.0.v20110815-1419,"org.eclipse.equinox.p2.metadata.repository",1459641999378
started,bundle,org.eclipse.equinox.p2.operations,2.1.1.R37x_v20111111,"org.eclipse.equinox.p2.operations",1459641999378
started,bundle,org.eclipse.equinox.p2.reconciler.dropins,1.1.100.v20110815-1419,"org.eclipse.equinox.p2.reconciler.dropins",1459641999378
started,bundle,org.eclipse.equinox.p2.repository,2.1.1.v20120113-1346,"org.eclipse.equinox.p2.repository",1459641999379
started,bundle,org.eclipse.equinox.p2.ui.sdk.scheduler,1.0.100.v20110815-1419,"org.eclipse.equinox.p2.ui.sdk.scheduler",1459641999379
started,bundle,org.eclipse.equinox.p2.updatechecker,1.1.200.v20110815-1419,"org.eclipse.equinox.p2.updatechecker",1459641999379
started,bundle,org.eclipse.equinox.preferences,3.4.2.v20120111-2020,"org.eclipse.equinox.preferences",1459641999379
started,bundle,org.eclipse.equinox.registry,3.5.101.R37x_v20110810-1611,"org.eclipse.equinox.registry",1459641999380
started,bundle,org.eclipse.equinox.security,1.1.1.R37x_v20110822-1018,"org.eclipse.equinox.security",1459641999380
started,bundle,org.eclipse.equinox.util,1.0.300.v20110502,"org.eclipse.equinox.util",1459641999380
started,bundle,org.eclipse.help,3.5.100.v20110426,"org.eclipse.help",1459641999381
started,bundle,org.eclipse.jface,3.7.0.v20110928-1505,"org.eclipse.jface",1459641999381
started,bundle,org.eclipse.jgit,1.3.0.201202151440-r,"org.eclipse.jgit",1459641999382
started,bundle,org.eclipse.jsch.core,1.1.300.I20110514-0800,"org.eclipse.jsch.core",1459641999382
started,bundle,org.eclipse.linuxtools.cdt.autotools.core,1.0.2.201202152032,"org.eclipse.linuxtools.cdt.autotools.core",1459641999382
started,bundle,org.eclipse.ltk.core.refactoring,3.5.201.r372_v20111101-0700,"org.eclipse.ltk.core.refactoring",1459641999383
started,bundle,org.eclipse.ltk.ui.refactoring,3.6.0.v20110928-1453,"org.eclipse.ltk.ui.refactoring",1459641999383
started,bundle,org.eclipse.mylyn.bugzilla.core,3.6.5.v20120123-0100,"org.eclipse.mylyn.bugzilla.core",1459641999384
started,bundle,org.eclipse.mylyn.bugzilla.ui,3.6.0.v20110608-1400,"org.eclipse.mylyn.bugzilla.ui",1459641999384
started,bundle,org.eclipse.mylyn.commons.identity,0.8.0.v20110608-1400,"org.eclipse.mylyn.commons.identity",1459641999384
started,bundle,org.eclipse.mylyn.commons.net,3.6.0.v20110608-1400,"org.eclipse.mylyn.commons.net",1459641999384
started,bundle,org.eclipse.mylyn.commons.ui,3.6.1.v20110720-0100,"org.eclipse.mylyn.commons.ui",1459641999385
started,bundle,org.eclipse.mylyn.context.core,3.6.1.v20110720-0100,"org.eclipse.mylyn.context.core",1459641999385
started,bundle,org.eclipse.mylyn.context.ui,3.6.1.v20120112-0100,"org.eclipse.mylyn.context.ui",1459641999385
started,bundle,org.eclipse.mylyn.monitor.ui,3.6.0.v20110608-1400,"org.eclipse.mylyn.monitor.ui",1459641999386
started,bundle,org.eclipse.mylyn.tasks.ui,3.6.5.v20120215-0100,"org.eclipse.mylyn.tasks.ui",1459641999386
started,bundle,org.eclipse.mylyn.team.ui,3.6.1.v20110825-0100,"org.eclipse.mylyn.team.ui",1459641999387
started,bundle,org.eclipse.search,3.7.0.v20110928-1504,"org.eclipse.search",1459641999387
started,bundle,org.eclipse.team.core,3.6.0.I20110525-0800,"org.eclipse.team.core",1459641999387
started,bundle,org.eclipse.team.cvs.core,3.3.400.I20110510-0800,"org.eclipse.team.cvs.core",1459641999388
started,bundle,org.eclipse.team.cvs.ui,3.3.401.v20120126-1227,"org.eclipse.team.cvs.ui",1459641999388
started,bundle,org.eclipse.team.ui,3.6.101.R37x_v20111109-0800,"org.eclipse.team.ui",1459641999389
started,bundle,org.eclipse.ui,3.7.0.v20110928-1505,"org.eclipse.ui",1459641999389
started,bundle,org.eclipse.ui.console,3.5.100.v20111007_r372,"org.eclipse.ui.console",1459641999390
started,bundle,org.eclipse.ui.editors,3.7.0.v20110928-1504,"org.eclipse.ui.editors",1459641999390
started,bundle,org.eclipse.ui.forms,3.5.101.v20111011-1919,"org.eclipse.ui.forms",1459641999390
started,bundle,org.eclipse.ui.ide,3.7.0.v20110928-1505,"org.eclipse.ui.ide",1459641999391
started,bundle,org.eclipse.ui.navigator,3.5.101.v20120106-1355,"org.eclipse.ui.navigator",1459641999391
started,bundle,org.eclipse.ui.navigator.resources,3.4.300.v20110928-1505,"org.eclipse.ui.navigator.resources",1459641999392
started,bundle,org.eclipse.ui.net,1.2.100.v20111208-1155,"org.eclipse.ui.net",1459641999392
started,bundle,org.eclipse.ui.views,3.6.0.v20110928-1505,"org.eclipse.ui.views",1459641999392
started,bundle,org.eclipse.ui.workbench,3.7.1.v20120104-1859,"org.eclipse.ui.workbench",1459641999392
started,bundle,org.eclipse.ui.workbench.texteditor,3.7.0.v20110928-1504,"org.eclipse.ui.workbench.texteditor",1459641999393
started,bundle,org.eclipse.update.configurator,3.3.100.v20100512,"org.eclipse.update.configurator",1459641999393
started,bundle,org.eclipse.update.core,3.2.500.v20110330,"org.eclipse.update.core",1459641999394
started,bundle,org.eclipse.update.scheduler,3.2.300.v20100512,"org.eclipse.update.scheduler",1459641999394
started,bundle,com.altera.sbtgui.integration,12.1.1.243,"com.altera.sbtgui.integration",1459641999394
started,bundle,com.altera.sbtgui.launch,12.1.1.243,"com.altera.sbtgui.launch",1459641999395
started,bundle,com.altera.sbtgui.project,12.1.1.243,"com.altera.sbtgui.project",1459641999395
started,bundle,com.altera.systemconsole,12.1.1.243,"com.altera.systemconsole",1459641999395
started,bundle,com.altera.systemconsole.designs.plugin,12.1.1.243,"com.altera.systemconsole.designs.plugin",1459641999395
started,bundle,com.altera.systemconsole.scripting,12.1.1.243,"com.altera.systemconsole.scripting",1459641999396
started,bundle,com.altera.utilities,12.1.1.243,"com.altera.utilities",1459641999396
os,sysinfo,,,"linux",1459641999398
arch,sysinfo,,,"x86",1459641999398
ws,sysinfo,,,"gtk",1459641999398
locale,sysinfo,,,"en_US",1459641999398
processors,sysinfo,,,"8",1459641999398
java.runtime.name,sysinfo,,,"Java(TM) SE Runtime Environment",1459641999398
java.runtime.version,sysinfo,,,"1.6.0_23-b05",1459641999398
java.specification.name,sysinfo,,,"Java Platform API Specification",1459641999398
java.specification.vendor,sysinfo,,,"Sun Microsystems Inc.",1459641999398
java.specification.version,sysinfo,,,"1.6",1459641999398
java.vendor,sysinfo,,,"Sun Microsystems Inc.",1459641999398
java.version,sysinfo,,,"1.6.0_23",1459641999398
java.vm.info,sysinfo,,,"mixed mode",1459641999398
java.vm.name,sysinfo,,,"Java HotSpot(TM) Server VM",1459641999398
java.vm.specification.name,sysinfo,,,"Java Virtual Machine Specification",1459641999398
java.vm.specification.vendor,sysinfo,,,"Sun Microsystems Inc.",1459641999398
java.vm.specification.version,sysinfo,,,"1.0",1459641999398
java.vm.vendor,sysinfo,,,"Sun Microsystems Inc.",1459641999398
java.vm.version,sysinfo,,,"19.0-b09",1459641999398
activated,view,org.eclipse.ui.navigator.resources,3.4.300.v20110928-1505,"org.eclipse.ui.navigator.ProjectExplorer",1459642000279
started,bundle,com.altera.sbtgui.core,12.1.1.243,"com.altera.sbtgui.core",1459642000343
started,bundle,org.eclipse.compare,3.5.202.R37x_v20111109-0800,"org.eclipse.compare",1459642000371
opened,view,org.eclipse.ui.console,3.5.100.v20111007_r372,"org.eclipse.ui.console.ConsoleView",1459642002016
deactivated,workbench,org.eclipse.ui.workbench,3.7.1.v20120104-1859,"",1459642002394
activated,workbench,org.eclipse.ui.workbench,3.7.1.v20120104-1859,"",1459642002691
started,bundle,org.eclipse.debug.ui,3.7.102.v20111129-1423_r372,"org.eclipse.debug.ui",1459642004882
started,bundle,org.eclipse.cdt.debug.core,7.1.0.201202111925,"org.eclipse.cdt.debug.core",1459642004904
started,bundle,org.eclipse.cdt.debug.ui,7.1.2.201202111925,"org.eclipse.cdt.debug.ui",1459642004907
deactivated,workbench,org.eclipse.ui.workbench,3.7.1.v20120104-1859,"",1459642006430
executed,command,,,"com.altera.sbtgui.launch.hardware.Nios2HardwareLaunchShortcut.run",1459642007482
started,bundle,org.eclipse.cdt.launch,7.0.0.201202111925,"org.eclipse.cdt.launch",1459642007498
activated,workbench,org.eclipse.ui.workbench,3.7.1.v20120104-1859,"",1459642007499
opened,view,com.altera.sbtgui.launch,12.1.1.243,"com.altera.sbtgui.launch.hardware.ByteStreamConsoleView",1459642008333
started,bundle,org.eclipse.cdt.debug.mi.ui,6.1.1.201202111925,"org.eclipse.cdt.debug.mi.ui",1459642008484
started,bundle,org.eclipse.cdt.dsf,2.2.0.201202111925,"org.eclipse.cdt.dsf",1459642008489
started,bundle,org.eclipse.cdt.dsf.gdb,4.0.2.201202111925,"org.eclipse.cdt.dsf.gdb",1459642008490
started,bundle,org.eclipse.cdt.dsf.gdb.ui,2.2.1.201202111925,"org.eclipse.cdt.dsf.gdb.ui",1459642008491
started,bundle,org.eclipse.cdt.debug.mi.core,7.1.1.201202111925,"org.eclipse.cdt.debug.mi.core",1459642008497
activated,view,com.altera.sbtgui.launch,12.1.1.243,"com.altera.sbtgui.launch.hardware.ByteStreamConsoleView",1459642012442
activated,editor,org.eclipse.cdt.ui,5.3.2.201202111925,"org.eclipse.cdt.ui.editor.CEditor",1459642016611
activated,view,org.eclipse.ui.navigator.resources,3.4.300.v20110928-1505,"org.eclipse.ui.navigator.ProjectExplorer",1459642020506
deactivated,workbench,org.eclipse.ui.workbench,3.7.1.v20120104-1859,"",1459642022370
activated,workbench,org.eclipse.ui.workbench,3.7.1.v20120104-1859,"",1459642022517
deactivated,workbench,org.eclipse.ui.workbench,3.7.1.v20120104-1859,"",1459642025018
executed,command,,,"com.altera.sbtgui.launch.hardware.Nios2HardwareLaunchShortcut.run",1459642025555
activated,workbench,org.eclipse.ui.workbench,3.7.1.v20120104-1859,"",1459642025564
deactivated,workbench,org.eclipse.ui.workbench,3.7.1.v20120104-1859,"",1459642025642
activated,workbench,org.eclipse.ui.workbench,3.7.1.v20120104-1859,"",1459642027056
started,bundle,org.eclipse.cdt.codan.checkers.ui,1.0.0.201202111925,"org.eclipse.cdt.codan.checkers.ui",1459642028611
activated,view,com.altera.sbtgui.launch,12.1.1.243,"com.altera.sbtgui.launch.hardware.ByteStreamConsoleView",1459642028770
activated,view,org.eclipse.ui.console,3.5.100.v20111007_r372,"org.eclipse.ui.console.ConsoleView",1459642029263
activated,view,com.altera.sbtgui.launch,12.1.1.243,"com.altera.sbtgui.launch.hardware.ByteStreamConsoleView",1459642032408
deactivated,workbench,org.eclipse.ui.workbench,3.7.1.v20120104-1859,"",1459642098086
activated,workbench,org.eclipse.ui.workbench,3.7.1.v20120104-1859,"",1459642098652
deactivated,workbench,org.eclipse.ui.workbench,3.7.1.v20120104-1859,"",1459642099198
activated,workbench,org.eclipse.ui.workbench,3.7.1.v20120104-1859,"",1459642100246
deactivated,workbench,org.eclipse.ui.workbench,3.7.1.v20120104-1859,"",1459642100706
activated,workbench,org.eclipse.ui.workbench,3.7.1.v20120104-1859,"",1459642103043
deactivated,workbench,org.eclipse.ui.workbench,3.7.1.v20120104-1859,"",1459642113067
activated,workbench,org.eclipse.ui.workbench,3.7.1.v20120104-1859,"",1459642536805
deactivated,workbench,org.eclipse.ui.workbench,3.7.1.v20120104-1859,"",1459642543324
activated,workbench,org.eclipse.ui.workbench,3.7.1.v20120104-1859,"",1459642544708
deactivated,workbench,org.eclipse.ui.workbench,3.7.1.v20120104-1859,"",1459642546001
started,bundle,org.eclipse.cdt.mylyn.ui,3.6.0.v20110608-1400,"org.eclipse.cdt.mylyn.ui",1459642547568
closed,workbench,org.eclipse.ui.workbench,3.7.1.v20120104-1859,"",1459642547642
stopped,bundle,org.eclipse.cdt.build.crossgcc,1.0.2.201202111925,"org.eclipse.cdt.build.crossgcc",1459642547950
stopped,bundle,org.eclipse.cdt.codan.checkers.ui,1.0.0.201202111925,"org.eclipse.cdt.codan.checkers.ui",1459642547950
stopped,bundle,com.altera.debug.cdi.gdb.plugin,12.1.1.243,"com.altera.debug.cdi.gdb.plugin",1459642547950
stopped,bundle,com.altera.sbtgui.launch,12.1.1.243,"com.altera.sbtgui.launch",1459642548950
stopped,bundle,com.altera.sbtgui.ui,12.1.1.243,"com.altera.sbtgui.ui",1459642548951
stopped,bundle,com.altera.sbtgui.project,12.1.1.243,"com.altera.sbtgui.project",1459642548951
stopped,bundle,org.eclipse.cdt.codan.checkers,1.0.1.201202111925,"org.eclipse.cdt.codan.checkers",1459642548951
stopped,bundle,org.eclipse.cdt.codan.ui.cxx,2.0.0.201202111925,"org.eclipse.cdt.codan.ui.cxx",1459642548951
stopped,bundle,org.eclipse.cdt.codan.core.cxx,1.0.0.201202111925,"org.eclipse.cdt.codan.core.cxx",1459642548951
stopped,bundle,org.eclipse.cdt.launch.remote,2.3.0.201202111925,"org.eclipse.cdt.launch.remote",1459642548952
stopped,bundle,org.eclipse.cdt.debug.mi.ui,6.1.1.201202111925,"org.eclipse.cdt.debug.mi.ui",1459642548952
stopped,bundle,org.eclipse.cdt.debug.mi.core,7.1.1.201202111925,"org.eclipse.cdt.debug.mi.core",1459642548952
stopped,bundle,org.eclipse.cdt.debug.ui.memory.memorybrowser,1.2.100.201202111925,"org.eclipse.cdt.debug.ui.memory.memorybrowser",1459642548952
stopped,bundle,org.eclipse.cdt.debug.ui.memory.search,1.2.1.201202111925,"org.eclipse.cdt.debug.ui.memory.search",1459642548953
stopped,bundle,org.eclipse.cdt.dsf.gdb.ui,2.2.1.201202111925,"org.eclipse.cdt.dsf.gdb.ui",1459642548953
stopped,bundle,org.eclipse.cdt.dsf.ui,2.2.1.201202111925,"org.eclipse.cdt.dsf.ui",1459642548954
stopped,bundle,org.eclipse.cdt.gdb.ui,7.0.0.201202111925,"org.eclipse.cdt.gdb.ui",1459642548954
stopped,bundle,org.eclipse.cdt.dsf.gdb,4.0.2.201202111925,"org.eclipse.cdt.dsf.gdb",1459642548954
stopped,bundle,org.eclipse.cdt.launch,7.0.0.201202111925,"org.eclipse.cdt.launch",1459642548954
stopped,bundle,org.eclipse.cdt.debug.ui,7.1.2.201202111925,"org.eclipse.cdt.debug.ui",1459642548954
stopped,bundle,org.eclipse.cdt.debug.ui.memory.traditional,1.2.1.201202111925,"org.eclipse.cdt.debug.ui.memory.traditional",1459642548954
stopped,bundle,org.eclipse.cdt.dsf,2.2.0.201202111925,"org.eclipse.cdt.dsf",1459642548954
stopped,bundle,org.eclipse.cdt.debug.core,7.1.0.201202111925,"org.eclipse.cdt.debug.core",1459642548954
stopped,bundle,org.eclipse.linuxtools.cdt.autotools.ui,1.0.1.201202152032,"org.eclipse.linuxtools.cdt.autotools.ui",1459642548955
stopped,bundle,org.eclipse.linuxtools.cdt.autotools.core,1.0.2.201202152032,"org.eclipse.linuxtools.cdt.autotools.core",1459642548955
stopped,bundle,org.eclipse.cdt.managedbuilder.ui,8.0.2.201202111925,"org.eclipse.cdt.managedbuilder.ui",1459642548956
stopped,bundle,org.eclipse.cdt.make.ui,7.1.2.201202111925,"org.eclipse.cdt.make.ui",1459642548956
stopped,bundle,org.eclipse.cdt.managedbuilder.gnu.ui,8.0.2.201202111925,"org.eclipse.cdt.managedbuilder.gnu.ui",1459642548956
stopped,bundle,org.eclipse.cdt.msw.build,1.0.0.201202111925,"org.eclipse.cdt.msw.build",1459642548956
stopped,bundle,org.eclipse.cdt.managedbuilder.core,8.0.2.201202111925,"org.eclipse.cdt.managedbuilder.core",1459642548956
stopped,bundle,org.eclipse.cdt.make.core,7.1.2.201202111925,"org.eclipse.cdt.make.core",1459642548956
stopped,bundle,org.eclipse.cdt.mylyn.ui,3.6.0.v20110608-1400,"org.eclipse.cdt.mylyn.ui",1459642548956
stopped,bundle,org.eclipse.cdt.codan.ui,2.0.1.201202111925,"org.eclipse.cdt.codan.ui",1459642548956
stopped,bundle,com.altera.sbtgui.flash.plugin,12.1.1.243,"com.altera.sbtgui.flash.plugin",1459642548957
stopped,bundle,com.altera.sbtgui.gprof,12.1.1.243,"com.altera.sbtgui.gprof",1459642548958
stopped,bundle,com.altera.sbtgui.core,12.1.1.243,"com.altera.sbtgui.core",1459642548958
stopped,bundle,org.eclipse.cdt.ui,5.3.2.201202111925,"org.eclipse.cdt.ui",1459642548961
stopped,bundle,org.eclipse.cdt.core,5.3.2.201202111925,"org.eclipse.cdt.core",1459642548964
stopped,bundle,org.eclipse.egit.ui,1.3.0.201202151440-r,"org.eclipse.egit.ui",1459642548964
stopped,bundle,org.eclipse.egit.core,1.3.0.201202151440-r,"org.eclipse.egit.core",1459642548965
